id;prenom;nom;region;fonction;organisme;actif;Email
7745;Frank;Anderson;7;Analyst;Soylent Corp;TRUE;frank.anderson7745@example.com
7069;Jack;Garcia;4;Support;Umbrella;TRUE;jack.garcia7069@example.com
1669;Leo;King;14;Support;Acme Corp;TRUE;leo.king1669@example.com
9979;Sam;Brown;4;Analyst;Initech;FALSE;sam.brown9979@example.com
7394;Karen;Martinez;13;Analyst;Umbrella;FALSE;karen.martinez7394@example.com
6369;Rachel;Thomas;6;Editor;Umbrella;TRUE;rachel.thomas6369@example.com
8999;Olivia;Scott;18;Admin;Initech;TRUE;olivia.scott8999@example.com
2071;Irene;Johnson;11;Admin;Pied Piper;TRUE;irene.johnson2071@example.com
6581;Bob;Johnson;3;Manager;Soylent Corp;FALSE;bob.johnson6581@example.com
6090;Jack;Smith;2;Developer;Globex;TRUE;jack.smith6090@example.com
7357;Olivia;Thomas;14;Developer;Globex;TRUE;olivia.thomas7357@example.com
6869;Tina;Thomas;8;Editor;Hooli;TRUE;tina.thomas6869@example.com
5353;Mia;Johnson;15;Developer;Acme Corp;TRUE;mia.johnson5353@example.com
1413;Leo;Taylor;14;Admin;Acme Corp;TRUE;leo.taylor1413@example.com
6715;Mia;Jackson;5;Admin;Vandelay Industries;TRUE;mia.jackson6715@example.com
4041;Henry;Davis;4;Admin;Soylent Corp;FALSE;henry.davis4041@example.com
2124;Xavier;Taylor;5;Manager;Initech;FALSE;xavier.taylor2124@example.com
5134;Paul;Martin;6;Analyst;Soylent Corp;FALSE;paul.martin5134@example.com
5064;Henry;Scott;5;Analyst;Acme Corp;FALSE;henry.scott5064@example.com
6450;Eva;White;7;Developer;Initech;TRUE;eva.white6450@example.com
3884;Jack;Scott;11;Manager;Pied Piper;TRUE;jack.scott3884@example.com
7256;Paul;Jackson;16;Editor;Acme Corp;TRUE;paul.jackson7256@example.com
2179;Frank;Wright;7;Developer;Soylent Corp;TRUE;frank.wright2179@example.com
7420;Olivia;Taylor;12;Viewer;Acme Corp;TRUE;olivia.taylor7420@example.com
5466;Rachel;Thomas;16;Manager;Massive Dynamic;TRUE;rachel.thomas5466@example.com
6193;Frank;Taylor;4;Support;Acme Corp;TRUE;frank.taylor6193@example.com
3385;Eva;White;4;Support;Globex;TRUE;eva.white3385@example.com
3961;Leo;Baker;3;Support;Vandelay Industries;TRUE;leo.baker3961@example.com
3710;Grace;Wright;9;Developer;Dunder Mifflin;TRUE;grace.wright3710@example.com
2871;Quinn;Jackson;3;Admin;Hooli;TRUE;quinn.jackson2871@example.com
1937;Mia;Scott;3;Analyst;Acme Corp;FALSE;mia.scott1937@example.com
5840;Zach;King;6;Support;Soylent Corp;TRUE;zach.king5840@example.com
7660;Olivia;Williams;6;Support;Dunder Mifflin;TRUE;olivia.williams7660@example.com
2334;Alice;Wilson;11;Manager;Hooli;TRUE;alice.wilson2334@example.com
4496;Tina;Brown;2;Analyst;Hooli;TRUE;tina.brown4496@example.com
4395;Grace;Johnson;4;Manager;Acme Corp;TRUE;grace.johnson4395@example.com
3079;Zach;Allen;10;Analyst;Pied Piper;TRUE;zach.allen3079@example.com
9102;Frank;Green;6;Developer;Globex;TRUE;frank.green9102@example.com
4270;Frank;Garcia;4;Support;Vandelay Industries;TRUE;frank.garcia4270@example.com
3792;Bob;Brown;4;Analyst;Pied Piper;FALSE;bob.brown3792@example.com
9514;David;Anderson;13;Manager;Dunder Mifflin;TRUE;david.anderson9514@example.com
4475;Xavier;Harris;14;Admin;Globex;TRUE;xavier.harris4475@example.com
1180;Olivia;Moore;11;Analyst;Pied Piper;TRUE;olivia.moore1180@example.com
5299;Wendy;Williams;8;Support;Umbrella;TRUE;wendy.williams5299@example.com
7103;Karen;Young;15;Viewer;Umbrella;FALSE;karen.young7103@example.com
8730;Uma;Williams;3;Analyst;Vandelay Industries;TRUE;uma.williams8730@example.com
1432;Alice;Young;9;Developer;Acme Corp;FALSE;alice.young1432@example.com
7453;Karen;Jackson;5;Developer;Hooli;FALSE;karen.jackson7453@example.com
2285;Zach;King;1;Admin;Hooli;TRUE;zach.king2285@example.com
9165;Victor;Miller;6;Editor;Dunder Mifflin;TRUE;victor.miller9165@example.com
4818;Irene;Thomas;6;Editor;Pied Piper;TRUE;irene.thomas4818@example.com
2748;Jack;Garcia;16;Analyst;Dunder Mifflin;FALSE;jack.garcia2748@example.com
111;Paul;Anderson;6;Support;Umbrella;TRUE;paul.anderson111@example.com
9231;Rachel;Allen;17;Viewer;Acme Corp;TRUE;rachel.allen9231@example.com
4166;Sam;Wright;3;Manager;Initech;TRUE;sam.wright4166@example.com
1516;Victor;Wright;17;Developer;Hooli;TRUE;victor.wright1516@example.com
1167;Nathan;Thomas;8;Analyst;Soylent Corp;TRUE;nathan.thomas1167@example.com
7006;Sam;King;17;Developer;Globex;TRUE;sam.king7006@example.com
8134;Irene;King;9;Support;Soylent Corp;TRUE;irene.king8134@example.com
3408;Jack;Brown;1;Developer;Vandelay Industries;FALSE;jack.brown3408@example.com
9727;Paul;Smith;9;Editor;Initech;TRUE;paul.smith9727@example.com
7440;Karen;Young;4;Viewer;Hooli;TRUE;karen.young7440@example.com
4641;Henry;Garcia;13;Manager;Pied Piper;TRUE;henry.garcia4641@example.com
7327;Sam;Young;1;Analyst;Acme Corp;TRUE;sam.young7327@example.com
4843;Olivia;Wilson;7;Support;Vandelay Industries;TRUE;olivia.wilson4843@example.com
9121;Paul;Wright;9;Editor;Globex;TRUE;paul.wright9121@example.com
3414;Tina;Allen;9;Viewer;Massive Dynamic;FALSE;tina.allen3414@example.com
9626;Jack;Wilson;10;Developer;Hooli;TRUE;jack.wilson9626@example.com
7013;Yara;Jones;7;Manager;Vandelay Industries;TRUE;yara.jones7013@example.com
1605;Yara;Jones;11;Manager;Acme Corp;TRUE;yara.jones1605@example.com
5817;Sam;Baker;18;Manager;Pied Piper;TRUE;sam.baker5817@example.com
228;Jack;Miller;15;Analyst;Hooli;TRUE;jack.miller228@example.com
216;Carol;Scott;10;Manager;Globex;TRUE;carol.scott216@example.com
2607;Mia;Scott;4;Editor;Hooli;FALSE;mia.scott2607@example.com
8341;Irene;Williams;12;Editor;Dunder Mifflin;TRUE;irene.williams8341@example.com
7251;Irene;Scott;16;Editor;Soylent Corp;TRUE;irene.scott7251@example.com
3740;Mia;Williams;7;Viewer;Hooli;TRUE;mia.williams3740@example.com
1503;Alice;Miller;13;Manager;Acme Corp;TRUE;alice.miller1503@example.com
1577;Sam;Miller;10;Analyst;Massive Dynamic;TRUE;sam.miller1577@example.com
5179;Rachel;Johnson;15;Editor;Massive Dynamic;TRUE;rachel.johnson5179@example.com
3060;Xavier;Allen;6;Analyst;Hooli;TRUE;xavier.allen3060@example.com
7708;Bob;Williams;12;Developer;Acme Corp;TRUE;bob.williams7708@example.com
614;Leo;Wilson;5;Editor;Acme Corp;FALSE;leo.wilson614@example.com
4854;Olivia;Garcia;1;Analyst;Vandelay Industries;TRUE;olivia.garcia4854@example.com
5186;David;Williams;2;Manager;Initech;TRUE;david.williams5186@example.com
5993;Eva;Young;13;Developer;Soylent Corp;TRUE;eva.young5993@example.com
7291;Mia;Scott;4;Developer;Dunder Mifflin;TRUE;mia.scott7291@example.com
4184;Uma;Garcia;5;Admin;Acme Corp;TRUE;uma.garcia4184@example.com
2303;Tina;Wilson;14;Admin;Acme Corp;TRUE;tina.wilson2303@example.com
4122;Wendy;Jones;11;Developer;Vandelay Industries;TRUE;wendy.jones4122@example.com
1759;Sam;Thomas;8;Support;Dunder Mifflin;TRUE;sam.thomas1759@example.com
855;Xavier;Anderson;2;Manager;Acme Corp;TRUE;xavier.anderson855@example.com
8175;Victor;Davis;14;Admin;Soylent Corp;TRUE;victor.davis8175@example.com
8360;Victor;Taylor;8;Manager;Initech;FALSE;victor.taylor8360@example.com
8875;Karen;Davis;9;Editor;Pied Piper;FALSE;karen.davis8875@example.com
5948;Irene;Green;2;Developer;Hooli;FALSE;irene.green5948@example.com
4751;Frank;Baker;7;Viewer;Initech;TRUE;frank.baker4751@example.com
4204;Nathan;Smith;18;Admin;Pied Piper;FALSE;nathan.smith4204@example.com
2272;Yara;Thomas;9;Viewer;Initech;TRUE;yara.thomas2272@example.com
2428;Karen;Green;7;Support;Pied Piper;TRUE;karen.green2428@example.com
9455;Victor;Allen;18;Admin;Umbrella;FALSE;victor.allen9455@example.com
6757;Frank;Garcia;12;Analyst;Soylent Corp;TRUE;frank.garcia6757@example.com
9900;Nathan;Moore;11;Admin;Globex;FALSE;nathan.moore9900@example.com
6911;Tina;Miller;16;Manager;Dunder Mifflin;TRUE;tina.miller6911@example.com
3674;Paul;Baker;4;Manager;Pied Piper;FALSE;paul.baker3674@example.com
670;Henry;Young;7;Analyst;Soylent Corp;TRUE;henry.young670@example.com
6875;Sam;King;8;Editor;Umbrella;TRUE;sam.king6875@example.com
296;David;Smith;3;Support;Umbrella;TRUE;david.smith296@example.com
970;Karen;Green;15;Admin;Vandelay Industries;TRUE;karen.green970@example.com
1455;Olivia;Allen;5;Admin;Initech;TRUE;olivia.allen1455@example.com
8784;Karen;Brown;12;Editor;Globex;TRUE;karen.brown8784@example.com
2777;David;Young;3;Support;Dunder Mifflin;FALSE;david.young2777@example.com
4213;Leo;Wilson;10;Support;Hooli;TRUE;leo.wilson4213@example.com
2686;Paul;Moore;11;Admin;Globex;TRUE;paul.moore2686@example.com
1746;Eva;King;16;Admin;Acme Corp;FALSE;eva.king1746@example.com
9748;Carol;Davis;3;Developer;Initech;TRUE;carol.davis9748@example.com
3112;Jack;Wilson;15;Editor;Massive Dynamic;TRUE;jack.wilson3112@example.com
9843;Quinn;Anderson;4;Developer;Vandelay Industries;TRUE;quinn.anderson9843@example.com
4005;Karen;Allen;17;Manager;Acme Corp;TRUE;karen.allen4005@example.com
9722;Carol;Brown;4;Viewer;Massive Dynamic;TRUE;carol.brown9722@example.com
4960;Wendy;Johnson;8;Support;Hooli;TRUE;wendy.johnson4960@example.com
8009;Carol;Green;18;Developer;Dunder Mifflin;TRUE;carol.green8009@example.com
5458;Frank;Green;2;Developer;Pied Piper;TRUE;frank.green5458@example.com
3426;Yara;Thompson;12;Developer;Dunder Mifflin;TRUE;yara.thompson3426@example.com
1457;Carol;Miller;3;Analyst;Hooli;TRUE;carol.miller1457@example.com
7559;Olivia;Smith;14;Manager;Globex;TRUE;olivia.smith7559@example.com
4615;Yara;Williams;18;Developer;Umbrella;FALSE;yara.williams4615@example.com
7511;Yara;Smith;6;Manager;Pied Piper;TRUE;yara.smith7511@example.com
2072;Karen;Young;1;Admin;Hooli;TRUE;karen.young2072@example.com
9233;Nathan;Scott;2;Editor;Hooli;FALSE;nathan.scott9233@example.com
770;Irene;Moore;8;Admin;Dunder Mifflin;FALSE;irene.moore770@example.com
839;Henry;Thomas;15;Editor;Umbrella;TRUE;henry.thomas839@example.com
2954;Yara;Baker;2;Editor;Umbrella;FALSE;yara.baker2954@example.com
9501;Nathan;Moore;11;Manager;Acme Corp;TRUE;nathan.moore9501@example.com
5040;Zach;Williams;7;Manager;Massive Dynamic;TRUE;zach.williams5040@example.com
5403;Henry;King;11;Editor;Globex;TRUE;henry.king5403@example.com
843;Zach;Wright;10;Viewer;Soylent Corp;TRUE;zach.wright843@example.com
425;Leo;Smith;3;Editor;Initech;FALSE;leo.smith425@example.com
7862;Quinn;Scott;4;Analyst;Vandelay Industries;TRUE;quinn.scott7862@example.com
7588;Henry;Martin;9;Admin;Umbrella;TRUE;henry.martin7588@example.com
4844;Irene;Miller;9;Analyst;Soylent Corp;TRUE;irene.miller4844@example.com
3908;Leo;Allen;14;Analyst;Initech;TRUE;leo.allen3908@example.com
9031;Henry;Thompson;1;Manager;Acme Corp;FALSE;henry.thompson9031@example.com
3981;Frank;Allen;12;Admin;Pied Piper;TRUE;frank.allen3981@example.com
957;Bob;Baker;3;Viewer;Massive Dynamic;TRUE;bob.baker957@example.com
4264;Alice;Thompson;18;Support;Vandelay Industries;TRUE;alice.thompson4264@example.com
1820;Zach;Martin;14;Analyst;Acme Corp;TRUE;zach.martin1820@example.com
4077;Alice;Green;1;Developer;Umbrella;TRUE;alice.green4077@example.com
8498;Frank;Jones;8;Developer;Massive Dynamic;TRUE;frank.jones8498@example.com
2712;Tina;Williams;6;Support;Initech;TRUE;tina.williams2712@example.com
3493;Victor;Wilson;9;Analyst;Hooli;TRUE;victor.wilson3493@example.com
7587;Uma;Martinez;12;Support;Dunder Mifflin;TRUE;uma.martinez7587@example.com
7735;Leo;Young;17;Viewer;Dunder Mifflin;TRUE;leo.young7735@example.com
6256;Sam;Brown;1;Developer;Initech;FALSE;sam.brown6256@example.com
3033;David;Garcia;11;Support;Massive Dynamic;TRUE;david.garcia3033@example.com
6308;Irene;Martin;1;Manager;Vandelay Industries;TRUE;irene.martin6308@example.com
9554;Frank;Davis;8;Support;Pied Piper;FALSE;frank.davis9554@example.com
9656;Karen;Allen;4;Analyst;Hooli;FALSE;karen.allen9656@example.com
8342;Alice;Williams;11;Editor;Initech;FALSE;alice.williams8342@example.com
5659;Eva;Garcia;4;Analyst;Hooli;FALSE;eva.garcia5659@example.com
7609;Leo;Green;16;Manager;Acme Corp;TRUE;leo.green7609@example.com
6072;Frank;Martinez;5;Developer;Vandelay Industries;TRUE;frank.martinez6072@example.com
640;Grace;Wright;18;Developer;Globex;TRUE;grace.wright640@example.com
2480;Yara;Smith;3;Manager;Initech;TRUE;yara.smith2480@example.com
7152;Alice;Thomas;6;Admin;Pied Piper;FALSE;alice.thomas7152@example.com
3787;Karen;Smith;4;Viewer;Umbrella;TRUE;karen.smith3787@example.com
2765;Alice;Smith;10;Analyst;Massive Dynamic;FALSE;alice.smith2765@example.com
4002;Wendy;Miller;7;Analyst;Acme Corp;TRUE;wendy.miller4002@example.com
9205;Alice;Jones;5;Support;Globex;FALSE;alice.jones9205@example.com
1634;Mia;Young;12;Editor;Dunder Mifflin;FALSE;mia.young1634@example.com
9338;Uma;Moore;7;Manager;Acme Corp;TRUE;uma.moore9338@example.com
3806;Bob;Wright;5;Support;Hooli;TRUE;bob.wright3806@example.com
9037;Irene;Smith;16;Support;Massive Dynamic;TRUE;irene.smith9037@example.com
496;Tina;Wilson;14;Editor;Hooli;TRUE;tina.wilson496@example.com
3673;Irene;King;5;Admin;Globex;TRUE;irene.king3673@example.com
325;Paul;Taylor;18;Developer;Globex;FALSE;paul.taylor325@example.com
2049;Henry;King;5;Developer;Initech;TRUE;henry.king2049@example.com
7244;Sam;Smith;13;Admin;Globex;TRUE;sam.smith7244@example.com
3147;Olivia;Smith;8;Editor;Pied Piper;TRUE;olivia.smith3147@example.com
3685;Uma;White;5;Developer;Globex;TRUE;uma.white3685@example.com
8582;Leo;Davis;15;Editor;Initech;TRUE;leo.davis8582@example.com
4443;Karen;Baker;12;Developer;Vandelay Industries;TRUE;karen.baker4443@example.com
4281;Yara;Thomas;9;Viewer;Hooli;TRUE;yara.thomas4281@example.com
2616;Tina;Moore;8;Admin;Pied Piper;TRUE;tina.moore2616@example.com
3873;Henry;Allen;17;Viewer;Vandelay Industries;TRUE;henry.allen3873@example.com
3600;Wendy;Jones;2;Editor;Umbrella;TRUE;wendy.jones3600@example.com
8080;Victor;Johnson;10;Manager;Acme Corp;TRUE;victor.johnson8080@example.com
2901;Karen;Moore;5;Manager;Umbrella;FALSE;karen.moore2901@example.com
8714;Grace;Green;10;Manager;Initech;TRUE;grace.green8714@example.com
2412;Eva;Martin;12;Viewer;Globex;FALSE;eva.martin2412@example.com
2420;Zach;Harris;16;Viewer;Soylent Corp;FALSE;zach.harris2420@example.com
1329;Uma;Harris;10;Editor;Vandelay Industries;TRUE;uma.harris1329@example.com
4816;Karen;Martinez;11;Admin;Soylent Corp;TRUE;karen.martinez4816@example.com
7060;Leo;Williams;16;Admin;Soylent Corp;TRUE;leo.williams7060@example.com
4869;Yara;Smith;8;Developer;Pied Piper;TRUE;yara.smith4869@example.com
3019;Eva;Garcia;10;Manager;Hooli;FALSE;eva.garcia3019@example.com
6283;Carol;Thompson;14;Viewer;Umbrella;TRUE;carol.thompson6283@example.com
3841;David;Brown;15;Viewer;Dunder Mifflin;FALSE;david.brown3841@example.com
440;Yara;Allen;6;Admin;Globex;TRUE;yara.allen440@example.com
2065;Yara;White;1;Editor;Massive Dynamic;TRUE;yara.white2065@example.com
8806;Irene;Green;13;Support;Dunder Mifflin;TRUE;irene.green8806@example.com
361;Grace;Thompson;12;Developer;Pied Piper;TRUE;grace.thompson361@example.com
8739;David;Thompson;8;Viewer;Initech;FALSE;david.thompson8739@example.com
1249;Rachel;Taylor;15;Manager;Vandelay Industries;TRUE;rachel.taylor1249@example.com
743;Xavier;Moore;1;Support;Initech;FALSE;xavier.moore743@example.com
4094;Karen;Davis;16;Analyst;Umbrella;FALSE;karen.davis4094@example.com
828;Sam;Wilson;2;Analyst;Hooli;TRUE;sam.wilson828@example.com
4848;Eva;Green;5;Developer;Dunder Mifflin;TRUE;eva.green4848@example.com
6442;Eva;Green;16;Admin;Initech;FALSE;eva.green6442@example.com
2897;Uma;Smith;14;Support;Pied Piper;TRUE;uma.smith2897@example.com
613;Olivia;Moore;10;Support;Globex;TRUE;olivia.moore613@example.com
6611;Paul;Martinez;4;Developer;Umbrella;TRUE;paul.martinez6611@example.com
8403;Grace;White;4;Viewer;Umbrella;TRUE;grace.white8403@example.com
4363;Frank;Garcia;11;Admin;Dunder Mifflin;FALSE;frank.garcia4363@example.com
2970;Victor;Thomas;9;Manager;Hooli;TRUE;victor.thomas2970@example.com
5392;Uma;King;14;Support;Acme Corp;TRUE;uma.king5392@example.com
8561;Alice;Davis;7;Viewer;Initech;FALSE;alice.davis8561@example.com
7650;Rachel;Wilson;13;Editor;Vandelay Industries;FALSE;rachel.wilson7650@example.com
8232;Uma;Moore;2;Editor;Hooli;TRUE;uma.moore8232@example.com
2392;Wendy;King;2;Analyst;Initech;TRUE;wendy.king2392@example.com
8284;Xavier;Martinez;12;Analyst;Umbrella;TRUE;xavier.martinez8284@example.com
4754;Paul;Green;13;Viewer;Umbrella;TRUE;paul.green4754@example.com
8977;Quinn;Williams;8;Viewer;Vandelay Industries;FALSE;quinn.williams8977@example.com
4047;Yara;Taylor;5;Viewer;Massive Dynamic;TRUE;yara.taylor4047@example.com
6696;David;Smith;15;Developer;Dunder Mifflin;TRUE;david.smith6696@example.com
6348;Paul;White;10;Viewer;Dunder Mifflin;TRUE;paul.white6348@example.com
1981;Yara;Garcia;9;Manager;Globex;TRUE;yara.garcia1981@example.com
8959;Mia;Allen;13;Analyst;Globex;TRUE;mia.allen8959@example.com
8644;Yara;White;11;Editor;Umbrella;FALSE;yara.white8644@example.com
639;Rachel;Wilson;13;Support;Massive Dynamic;FALSE;rachel.wilson639@example.com
2979;Yara;Green;11;Developer;Initech;TRUE;yara.green2979@example.com
7;Rachel;Scott;14;Admin;Pied Piper;TRUE;rachel.scott7@example.com
7629;David;Harris;8;Editor;Vandelay Industries;TRUE;david.harris7629@example.com
9634;Carol;Thompson;15;Viewer;Vandelay Industries;TRUE;carol.thompson9634@example.com
6939;Victor;Miller;4;Developer;Globex;TRUE;victor.miller6939@example.com
908;Wendy;White;9;Viewer;Pied Piper;TRUE;wendy.white908@example.com
4728;Grace;Johnson;1;Viewer;Massive Dynamic;TRUE;grace.johnson4728@example.com
1545;Yara;Young;7;Analyst;Initech;TRUE;yara.young1545@example.com
6186;Mia;Martinez;4;Viewer;Soylent Corp;TRUE;mia.martinez6186@example.com
940;Xavier;Wilson;5;Viewer;Globex;FALSE;xavier.wilson940@example.com
4076;Quinn;Taylor;10;Admin;Massive Dynamic;TRUE;quinn.taylor4076@example.com
468;Victor;Moore;15;Support;Vandelay Industries;TRUE;victor.moore468@example.com
4465;Quinn;Allen;13;Admin;Hooli;TRUE;quinn.allen4465@example.com
7597;Karen;Allen;13;Developer;Initech;TRUE;karen.allen7597@example.com
2913;Irene;King;3;Manager;Hooli;FALSE;irene.king2913@example.com
4726;Jack;Wright;6;Manager;Initech;FALSE;jack.wright4726@example.com
4153;Quinn;Davis;14;Manager;Hooli;TRUE;quinn.davis4153@example.com
2951;Nathan;Smith;4;Manager;Acme Corp;TRUE;nathan.smith2951@example.com
8907;Mia;Taylor;9;Developer;Pied Piper;FALSE;mia.taylor8907@example.com
4998;Alice;Martin;14;Support;Dunder Mifflin;TRUE;alice.martin4998@example.com
5022;Leo;Miller;6;Manager;Soylent Corp;TRUE;leo.miller5022@example.com
9815;Zach;Williams;2;Editor;Acme Corp;TRUE;zach.williams9815@example.com
1732;Wendy;Wright;18;Developer;Massive Dynamic;FALSE;wendy.wright1732@example.com
3651;Yara;Anderson;10;Developer;Pied Piper;TRUE;yara.anderson3651@example.com
7866;Nathan;Smith;10;Viewer;Dunder Mifflin;TRUE;nathan.smith7866@example.com
9015;Quinn;Garcia;13;Manager;Massive Dynamic;FALSE;quinn.garcia9015@example.com
8384;Leo;Allen;6;Analyst;Dunder Mifflin;FALSE;leo.allen8384@example.com
3326;Henry;Johnson;13;Manager;Acme Corp;TRUE;henry.johnson3326@example.com
6554;Quinn;Taylor;1;Manager;Initech;TRUE;quinn.taylor6554@example.com
2461;Irene;Garcia;11;Editor;Initech;FALSE;irene.garcia2461@example.com
8810;Carol;Miller;4;Admin;Dunder Mifflin;TRUE;carol.miller8810@example.com
2902;Rachel;Martin;10;Analyst;Dunder Mifflin;TRUE;rachel.martin2902@example.com
2300;Bob;Davis;11;Viewer;Initech;TRUE;bob.davis2300@example.com
5041;Henry;Brown;15;Developer;Acme Corp;TRUE;henry.brown5041@example.com
2354;Carol;Jackson;1;Developer;Acme Corp;TRUE;carol.jackson2354@example.com
3744;Tina;Allen;6;Developer;Umbrella;TRUE;tina.allen3744@example.com
9010;Mia;Brown;4;Developer;Initech;TRUE;mia.brown9010@example.com
9914;Nathan;Martin;15;Manager;Initech;TRUE;nathan.martin9914@example.com
8905;Karen;Wilson;17;Developer;Acme Corp;TRUE;karen.wilson8905@example.com
5930;Jack;Martin;2;Viewer;Acme Corp;FALSE;jack.martin5930@example.com
7478;Yara;Thomas;13;Developer;Umbrella;TRUE;yara.thomas7478@example.com
6401;Mia;Allen;6;Manager;Initech;FALSE;mia.allen6401@example.com
4456;Quinn;Garcia;4;Analyst;Dunder Mifflin;FALSE;quinn.garcia4456@example.com
1889;David;Young;10;Editor;Soylent Corp;TRUE;david.young1889@example.com
1380;Olivia;Allen;16;Developer;Pied Piper;TRUE;olivia.allen1380@example.com
6388;Wendy;Harris;4;Developer;Soylent Corp;TRUE;wendy.harris6388@example.com
7717;Henry;Jones;4;Admin;Hooli;TRUE;henry.jones7717@example.com
2125;Uma;Thomas;14;Support;Massive Dynamic;TRUE;uma.thomas2125@example.com
4609;Carol;Smith;2;Admin;Dunder Mifflin;FALSE;carol.smith4609@example.com
4732;Alice;Anderson;15;Admin;Umbrella;TRUE;alice.anderson4732@example.com
7480;Jack;Martinez;3;Viewer;Umbrella;TRUE;jack.martinez7480@example.com
1877;Sam;Miller;11;Viewer;Pied Piper;TRUE;sam.miller1877@example.com
1731;Grace;Johnson;8;Admin;Acme Corp;TRUE;grace.johnson1731@example.com
9925;Wendy;Jackson;6;Editor;Massive Dynamic;TRUE;wendy.jackson9925@example.com
9141;Irene;Baker;8;Support;Soylent Corp;TRUE;irene.baker9141@example.com
8297;Jack;Thomas;3;Admin;Dunder Mifflin;TRUE;jack.thomas8297@example.com
8266;Eva;Allen;12;Viewer;Initech;TRUE;eva.allen8266@example.com
9262;Rachel;Thomas;6;Editor;Massive Dynamic;TRUE;rachel.thomas9262@example.com
5419;Rachel;Scott;5;Viewer;Hooli;TRUE;rachel.scott5419@example.com
5350;Grace;Young;12;Viewer;Globex;TRUE;grace.young5350@example.com
2299;Mia;Smith;1;Manager;Umbrella;TRUE;mia.smith2299@example.com
4526;Victor;Moore;9;Developer;Initech;FALSE;victor.moore4526@example.com
8713;Carol;Wright;14;Viewer;Vandelay Industries;TRUE;carol.wright8713@example.com
1039;Wendy;Thompson;10;Editor;Vandelay Industries;TRUE;wendy.thompson1039@example.com
4127;Bob;Davis;15;Developer;Massive Dynamic;TRUE;bob.davis4127@example.com
917;Xavier;Anderson;3;Manager;Soylent Corp;TRUE;xavier.anderson917@example.com
5991;David;King;5;Analyst;Massive Dynamic;TRUE;david.king5991@example.com
5114;Irene;Green;14;Admin;Umbrella;TRUE;irene.green5114@example.com
257;Eva;Allen;5;Support;Dunder Mifflin;TRUE;eva.allen257@example.com
4268;Sam;Anderson;7;Manager;Pied Piper;TRUE;sam.anderson4268@example.com
1010;Xavier;King;6;Viewer;Globex;TRUE;xavier.king1010@example.com
1324;Sam;Garcia;15;Analyst;Vandelay Industries;TRUE;sam.garcia1324@example.com
5088;Mia;Davis;10;Analyst;Dunder Mifflin;TRUE;mia.davis5088@example.com
5854;Wendy;Baker;17;Manager;Initech;FALSE;wendy.baker5854@example.com
1999;Carol;Johnson;8;Developer;Pied Piper;TRUE;carol.johnson1999@example.com
8763;Victor;Wright;11;Admin;Massive Dynamic;TRUE;victor.wright8763@example.com
6673;Tina;Smith;2;Admin;Soylent Corp;FALSE;tina.smith6673@example.com
4511;Leo;Garcia;1;Manager;Soylent Corp;TRUE;leo.garcia4511@example.com
200;Tina;Thompson;10;Manager;Initech;TRUE;tina.thompson200@example.com
1553;Paul;Wilson;7;Analyst;Acme Corp;TRUE;paul.wilson1553@example.com
3618;Mia;Williams;6;Admin;Acme Corp;TRUE;mia.williams3618@example.com
9899;Leo;Wright;14;Admin;Massive Dynamic;TRUE;leo.wright9899@example.com
5746;Sam;King;12;Developer;Dunder Mifflin;TRUE;sam.king5746@example.com
3286;David;Baker;5;Editor;Pied Piper;FALSE;david.baker3286@example.com
2472;Alice;Allen;9;Viewer;Massive Dynamic;TRUE;alice.allen2472@example.com
5397;Yara;Green;7;Admin;Initech;TRUE;yara.green5397@example.com
1617;Xavier;Miller;3;Viewer;Vandelay Industries;TRUE;xavier.miller1617@example.com
4595;Uma;Taylor;9;Developer;Massive Dynamic;TRUE;uma.taylor4595@example.com
5961;Tina;Green;15;Admin;Hooli;TRUE;tina.green5961@example.com
5271;Wendy;Davis;18;Developer;Acme Corp;FALSE;wendy.davis5271@example.com
9393;Carol;Johnson;11;Analyst;Acme Corp;TRUE;carol.johnson9393@example.com
8425;Karen;Jones;6;Support;Acme Corp;TRUE;karen.jones8425@example.com
6302;Henry;King;17;Admin;Dunder Mifflin;TRUE;henry.king6302@example.com
9740;Leo;Harris;3;Manager;Massive Dynamic;TRUE;leo.harris9740@example.com
9475;Henry;Brown;5;Support;Dunder Mifflin;TRUE;henry.brown9475@example.com
9168;Zach;Martin;16;Analyst;Umbrella;TRUE;zach.martin9168@example.com
5997;Jack;Scott;9;Developer;Hooli;TRUE;jack.scott5997@example.com
6028;Zach;Miller;18;Support;Umbrella;FALSE;zach.miller6028@example.com
2658;Tina;Garcia;16;Analyst;Pied Piper;TRUE;tina.garcia2658@example.com
7536;Wendy;Green;18;Developer;Massive Dynamic;TRUE;wendy.green7536@example.com
2298;Alice;Wright;14;Admin;Dunder Mifflin;FALSE;alice.wright2298@example.com
697;Sam;White;9;Admin;Hooli;TRUE;sam.white697@example.com
5341;Wendy;Green;9;Editor;Globex;TRUE;wendy.green5341@example.com
3152;Tina;Baker;12;Admin;Acme Corp;FALSE;tina.baker3152@example.com
4000;Bob;Green;7;Viewer;Massive Dynamic;TRUE;bob.green4000@example.com
5898;Karen;King;3;Editor;Soylent Corp;TRUE;karen.king5898@example.com
7001;Bob;Jones;5;Support;Massive Dynamic;FALSE;bob.jones7001@example.com
9310;Quinn;Johnson;4;Editor;Initech;TRUE;quinn.johnson9310@example.com
1321;Leo;Jones;5;Developer;Massive Dynamic;FALSE;leo.jones1321@example.com
2128;Irene;Wilson;8;Editor;Pied Piper;TRUE;irene.wilson2128@example.com
5422;Zach;Green;7;Editor;Hooli;TRUE;zach.green5422@example.com
9617;Bob;Martinez;16;Manager;Acme Corp;TRUE;bob.martinez9617@example.com
5724;Nathan;Moore;14;Support;Initech;TRUE;nathan.moore5724@example.com
5075;Paul;Johnson;6;Admin;Vandelay Industries;FALSE;paul.johnson5075@example.com
7404;Quinn;Thompson;11;Admin;Pied Piper;TRUE;quinn.thompson7404@example.com
7990;Paul;Brown;13;Manager;Vandelay Industries;TRUE;paul.brown7990@example.com
4862;Jack;Martinez;11;Admin;Pied Piper;TRUE;jack.martinez4862@example.com
4825;Rachel;Thompson;5;Editor;Dunder Mifflin;TRUE;rachel.thompson4825@example.com
6722;Nathan;Jackson;5;Viewer;Umbrella;TRUE;nathan.jackson6722@example.com
9917;Paul;Baker;3;Analyst;Vandelay Industries;TRUE;paul.baker9917@example.com
6293;David;Martinez;10;Manager;Globex;TRUE;david.martinez6293@example.com
9075;Nathan;Garcia;6;Analyst;Acme Corp;TRUE;nathan.garcia9075@example.com
7628;Henry;Smith;9;Admin;Initech;TRUE;henry.smith7628@example.com
5762;Olivia;Jackson;9;Viewer;Soylent Corp;TRUE;olivia.jackson5762@example.com
7030;Mia;Jackson;8;Editor;Soylent Corp;TRUE;mia.jackson7030@example.com
1191;Carol;White;6;Manager;Hooli;TRUE;carol.white1191@example.com
2793;Xavier;Allen;12;Analyst;Pied Piper;TRUE;xavier.allen2793@example.com
1838;Bob;Wright;14;Support;Dunder Mifflin;TRUE;bob.wright1838@example.com
9200;Uma;Johnson;6;Analyst;Initech;TRUE;uma.johnson9200@example.com
6553;Leo;Scott;4;Editor;Globex;FALSE;leo.scott6553@example.com
5793;Uma;Thompson;10;Support;Umbrella;TRUE;uma.thompson5793@example.com
4152;Quinn;White;7;Editor;Massive Dynamic;TRUE;quinn.white4152@example.com
8404;Bob;Johnson;4;Admin;Dunder Mifflin;TRUE;bob.johnson8404@example.com
3958;Paul;Martin;16;Manager;Dunder Mifflin;FALSE;paul.martin3958@example.com
9029;Nathan;Martin;14;Manager;Hooli;TRUE;nathan.martin9029@example.com
4911;Nathan;Smith;7;Developer;Dunder Mifflin;TRUE;nathan.smith4911@example.com
6496;Grace;Johnson;2;Admin;Massive Dynamic;TRUE;grace.johnson6496@example.com
7215;Xavier;Anderson;10;Admin;Umbrella;FALSE;xavier.anderson7215@example.com
7144;Quinn;Thomas;11;Admin;Hooli;TRUE;quinn.thomas7144@example.com
5122;Irene;Moore;1;Admin;Vandelay Industries;TRUE;irene.moore5122@example.com
1824;Leo;Taylor;11;Support;Umbrella;TRUE;leo.taylor1824@example.com
6249;Quinn;Thompson;4;Manager;Dunder Mifflin;TRUE;quinn.thompson6249@example.com
7242;Wendy;Brown;4;Editor;Vandelay Industries;TRUE;wendy.brown7242@example.com
520;Karen;Wilson;11;Viewer;Vandelay Industries;TRUE;karen.wilson520@example.com
4666;Eva;Smith;14;Manager;Soylent Corp;TRUE;eva.smith4666@example.com
7876;Jack;Miller;3;Editor;Umbrella;TRUE;jack.miller7876@example.com
5339;Leo;Green;9;Analyst;Hooli;TRUE;leo.green5339@example.com
3005;Nathan;Martinez;7;Editor;Pied Piper;TRUE;nathan.martinez3005@example.com
7422;Olivia;Harris;6;Editor;Vandelay Industries;FALSE;olivia.harris7422@example.com
2509;Mia;Allen;8;Manager;Soylent Corp;TRUE;mia.allen2509@example.com
9050;Wendy;Scott;13;Manager;Hooli;FALSE;wendy.scott9050@example.com
1055;Sam;Thomas;5;Developer;Vandelay Industries;TRUE;sam.thomas1055@example.com
4856;Yara;Jackson;5;Admin;Massive Dynamic;FALSE;yara.jackson4856@example.com
6561;Sam;Martin;3;Developer;Umbrella;TRUE;sam.martin6561@example.com
1014;Paul;Garcia;11;Developer;Massive Dynamic;TRUE;paul.garcia1014@example.com
4216;Rachel;Davis;6;Support;Soylent Corp;TRUE;rachel.davis4216@example.com
5266;Tina;Smith;11;Viewer;Vandelay Industries;TRUE;tina.smith5266@example.com
6419;Karen;Brown;17;Analyst;Dunder Mifflin;TRUE;karen.brown6419@example.com
9560;Henry;Williams;16;Editor;Hooli;FALSE;henry.williams9560@example.com
8945;David;Brown;2;Developer;Massive Dynamic;FALSE;david.brown8945@example.com
7223;Zach;Scott;13;Manager;Vandelay Industries;TRUE;zach.scott7223@example.com
7570;Bob;Martinez;11;Admin;Dunder Mifflin;TRUE;bob.martinez7570@example.com
7320;Jack;Harris;14;Manager;Initech;TRUE;jack.harris7320@example.com
8235;Carol;Wright;2;Viewer;Umbrella;TRUE;carol.wright8235@example.com
9352;Uma;Brown;16;Editor;Acme Corp;TRUE;uma.brown9352@example.com
4937;Alice;King;18;Support;Massive Dynamic;TRUE;alice.king4937@example.com
6423;Carol;Taylor;4;Manager;Umbrella;TRUE;carol.taylor6423@example.com
7359;David;Wilson;3;Developer;Soylent Corp;TRUE;david.wilson7359@example.com
9824;Sam;Davis;16;Support;Initech;TRUE;sam.davis9824@example.com
6354;Grace;Miller;7;Developer;Dunder Mifflin;FALSE;grace.miller6354@example.com
250;Victor;Scott;5;Developer;Acme Corp;TRUE;victor.scott250@example.com
9767;Irene;Harris;12;Manager;Dunder Mifflin;TRUE;irene.harris9767@example.com
8161;Grace;Scott;13;Admin;Initech;TRUE;grace.scott8161@example.com
1539;Zach;Moore;1;Editor;Dunder Mifflin;TRUE;zach.moore1539@example.com
9819;David;Wright;9;Manager;Acme Corp;TRUE;david.wright9819@example.com
9523;Irene;Baker;5;Manager;Umbrella;TRUE;irene.baker9523@example.com
964;Henry;Jones;2;Editor;Globex;FALSE;henry.jones964@example.com
6883;Olivia;Garcia;12;Developer;Globex;FALSE;olivia.garcia6883@example.com
5465;Carol;Miller;3;Support;Hooli;TRUE;carol.miller5465@example.com
463;Jack;Martinez;1;Viewer;Massive Dynamic;TRUE;jack.martinez463@example.com
6286;Yara;Anderson;7;Support;Umbrella;TRUE;yara.anderson6286@example.com
9086;Nathan;Taylor;2;Admin;Acme Corp;TRUE;nathan.taylor9086@example.com
4518;Yara;Davis;5;Admin;Umbrella;TRUE;yara.davis4518@example.com
6053;Nathan;Baker;9;Developer;Acme Corp;TRUE;nathan.baker6053@example.com
2459;David;Allen;9;Admin;Acme Corp;TRUE;david.allen2459@example.com
9442;Jack;Scott;17;Manager;Globex;TRUE;jack.scott9442@example.com
9764;Yara;White;10;Admin;Soylent Corp;TRUE;yara.white9764@example.com
1570;Eva;White;4;Analyst;Umbrella;TRUE;eva.white1570@example.com
7062;Quinn;Anderson;16;Admin;Initech;TRUE;quinn.anderson7062@example.com
1448;Karen;Davis;14;Manager;Massive Dynamic;TRUE;karen.davis1448@example.com
5684;Quinn;Green;9;Developer;Initech;TRUE;quinn.green5684@example.com
1475;Tina;Harris;8;Support;Umbrella;TRUE;tina.harris1475@example.com
8410;Grace;Williams;12;Admin;Umbrella;TRUE;grace.williams8410@example.com
8841;Paul;Allen;6;Admin;Umbrella;TRUE;paul.allen8841@example.com
7789;Eva;Martin;13;Analyst;Soylent Corp;TRUE;eva.martin7789@example.com
9676;Xavier;Jones;2;Support;Dunder Mifflin;TRUE;xavier.jones9676@example.com
1016;Tina;King;2;Admin;Massive Dynamic;TRUE;tina.king1016@example.com
5178;Tina;Baker;12;Manager;Soylent Corp;TRUE;tina.baker5178@example.com
3011;Carol;Anderson;12;Developer;Hooli;FALSE;carol.anderson3011@example.com
3349;Uma;Thompson;14;Analyst;Vandelay Industries;TRUE;uma.thompson3349@example.com
9697;Frank;Jackson;2;Editor;Dunder Mifflin;TRUE;frank.jackson9697@example.com
8055;Jack;Thomas;12;Analyst;Dunder Mifflin;TRUE;jack.thomas8055@example.com
4777;Karen;Young;2;Support;Soylent Corp;TRUE;karen.young4777@example.com
3929;David;Moore;4;Analyst;Initech;TRUE;david.moore3929@example.com
4850;Nathan;Johnson;11;Support;Pied Piper;TRUE;nathan.johnson4850@example.com
436;Tina;Taylor;2;Admin;Acme Corp;FALSE;tina.taylor436@example.com
8643;Rachel;White;4;Manager;Soylent Corp;TRUE;rachel.white8643@example.com
4517;Uma;Baker;9;Analyst;Soylent Corp;TRUE;uma.baker4517@example.com
2259;Grace;Brown;4;Support;Pied Piper;TRUE;grace.brown2259@example.com
6070;Bob;Wright;9;Analyst;Massive Dynamic;FALSE;bob.wright6070@example.com
8008;Frank;Johnson;1;Manager;Dunder Mifflin;TRUE;frank.johnson8008@example.com
4134;Quinn;Green;18;Editor;Massive Dynamic;TRUE;quinn.green4134@example.com
61;Tina;Miller;3;Editor;Umbrella;TRUE;tina.miller61@example.com
3377;Quinn;Brown;14;Analyst;Initech;TRUE;quinn.brown3377@example.com
4553;Zach;Taylor;6;Analyst;Soylent Corp;TRUE;zach.taylor4553@example.com
221;Sam;Anderson;3;Support;Dunder Mifflin;TRUE;sam.anderson221@example.com
1399;Nathan;Brown;15;Manager;Pied Piper;TRUE;nathan.brown1399@example.com
2399;Bob;Brown;17;Developer;Vandelay Industries;TRUE;bob.brown2399@example.com
4889;Frank;Smith;5;Analyst;Hooli;TRUE;frank.smith4889@example.com
5359;Sam;Jackson;4;Manager;Soylent Corp;TRUE;sam.jackson5359@example.com
3446;Xavier;Davis;8;Admin;Dunder Mifflin;TRUE;xavier.davis3446@example.com
6380;Rachel;Scott;3;Viewer;Initech;TRUE;rachel.scott6380@example.com
5550;Yara;Jones;1;Admin;Acme Corp;TRUE;yara.jones5550@example.com
6003;Jack;Miller;9;Editor;Globex;TRUE;jack.miller6003@example.com
5616;David;Baker;9;Manager;Acme Corp;TRUE;david.baker5616@example.com
3208;Irene;Green;14;Viewer;Soylent Corp;FALSE;irene.green3208@example.com
7047;Nathan;Martinez;7;Developer;Hooli;TRUE;nathan.martinez7047@example.com
8346;Sam;Thompson;17;Support;Hooli;TRUE;sam.thompson8346@example.com
7509;Sam;Johnson;2;Admin;Dunder Mifflin;TRUE;sam.johnson7509@example.com
722;Bob;Garcia;4;Viewer;Globex;TRUE;bob.garcia722@example.com
634;Zach;Williams;6;Analyst;Initech;FALSE;zach.williams634@example.com
260;Uma;Johnson;9;Analyst;Pied Piper;TRUE;uma.johnson260@example.com
7814;Mia;White;4;Viewer;Globex;TRUE;mia.white7814@example.com
4756;Jack;Harris;2;Admin;Hooli;FALSE;jack.harris4756@example.com
9308;Nathan;White;13;Support;Massive Dynamic;TRUE;nathan.white9308@example.com
8430;Eva;King;13;Support;Umbrella;TRUE;eva.king8430@example.com
6029;Alice;Martin;15;Developer;Soylent Corp;TRUE;alice.martin6029@example.com
6803;Alice;Davis;8;Developer;Umbrella;TRUE;alice.davis6803@example.com
5054;Bob;Young;6;Analyst;Initech;TRUE;bob.young5054@example.com
3376;Xavier;King;3;Admin;Pied Piper;FALSE;xavier.king3376@example.com
1952;Rachel;Smith;2;Developer;Umbrella;TRUE;rachel.smith1952@example.com
9981;Uma;Jones;2;Developer;Pied Piper;TRUE;uma.jones9981@example.com
82;Karen;Wilson;11;Manager;Massive Dynamic;TRUE;karen.wilson82@example.com
6219;Eva;Smith;3;Analyst;Globex;TRUE;eva.smith6219@example.com
7653;Nathan;Baker;9;Manager;Acme Corp;TRUE;nathan.baker7653@example.com
3941;Jack;Johnson;6;Admin;Dunder Mifflin;TRUE;jack.johnson3941@example.com
4604;Eva;Allen;3;Admin;Umbrella;TRUE;eva.allen4604@example.com
5144;Henry;Martin;5;Editor;Umbrella;TRUE;henry.martin5144@example.com
4941;Grace;Thompson;9;Support;Umbrella;TRUE;grace.thompson4941@example.com
2566;Quinn;King;5;Editor;Initech;TRUE;quinn.king2566@example.com
1994;Alice;Brown;4;Admin;Globex;TRUE;alice.brown1994@example.com
9698;Nathan;Scott;10;Analyst;Massive Dynamic;TRUE;nathan.scott9698@example.com
5816;Irene;King;3;Manager;Soylent Corp;TRUE;irene.king5816@example.com
4193;Karen;Allen;15;Manager;Soylent Corp;TRUE;karen.allen4193@example.com
9143;Irene;Smith;12;Manager;Vandelay Industries;TRUE;irene.smith9143@example.com
401;Sam;Allen;11;Editor;Hooli;TRUE;sam.allen401@example.com
7888;Carol;Brown;16;Viewer;Umbrella;TRUE;carol.brown7888@example.com
3557;Rachel;Harris;12;Developer;Globex;TRUE;rachel.harris3557@example.com
5010;Zach;Smith;14;Analyst;Massive Dynamic;TRUE;zach.smith5010@example.com
3720;Leo;Green;9;Editor;Umbrella;TRUE;leo.green3720@example.com
537;Zach;Jones;17;Analyst;Globex;FALSE;zach.jones537@example.com
5309;Bob;Scott;4;Viewer;Soylent Corp;TRUE;bob.scott5309@example.com
2302;Olivia;Davis;10;Developer;Acme Corp;TRUE;olivia.davis2302@example.com
6834;Karen;Miller;8;Editor;Soylent Corp;FALSE;karen.miller6834@example.com
3025;Paul;Harris;14;Admin;Vandelay Industries;TRUE;paul.harris3025@example.com
5282;David;Jones;4;Editor;Globex;TRUE;david.jones5282@example.com
5162;Xavier;Baker;5;Developer;Globex;TRUE;xavier.baker5162@example.com
6779;David;Jackson;2;Support;Massive Dynamic;TRUE;david.jackson6779@example.com
205;Irene;Martin;15;Developer;Acme Corp;FALSE;irene.martin205@example.com
6924;Jack;Wright;13;Developer;Soylent Corp;TRUE;jack.wright6924@example.com
